image_path,text
line_crops\IMG-20260314-WA0049\0000.png,
line_crops\IMG-20260314-WA0049\0001.png,
line_crops\IMG-20260314-WA0049\0002.png,
line_crops\IMG-20260314-WA0049\0003.png,
line_crops\IMG-20260314-WA0049\0004.png,
line_crops\IMG-20260314-WA0049\0005.png,
line_crops\IMG-20260314-WA0049\0006.png,
line_crops\IMG-20260314-WA0049\0007.png,
line_crops\IMG-20260316-WA0078\0000.png,
line_crops\IMG-20260316-WA0078\0001.png,
line_crops\IMG-20260316-WA0078\0002.png,
line_crops\IMG-20260316-WA0078\0003.png,
line_crops\IMG-20260316-WA0078\0004.png,
line_crops\IMG-20260316-WA0078\0005.png,
line_crops\IMG-20260316-WA0078\0006.png,
line_crops\IMG-20260316-WA0078\0007.png,
line_crops\IMG-20260316-WA0078\0008.png,
line_crops\IMG-20260316-WA0078\0009.png,
line_crops\IMG-20260316-WA0078\0010.png,
line_crops\IMG-20260316-WA0081\0000.png,
line_crops\IMG_20260316_224022\0000.png,
line_crops\IMG_20260316_224022\0001.png,
line_crops\IMG_20260316_224022\0002.png,
line_crops\IMG_20260316_224022\0003.png,
line_crops\IMG_20260316_224022\0004.png,
line_crops\IMG_20260316_224022\0005.png,
line_crops\IMG_20260316_224108\0000.png,
line_crops\IMG_20260316_224108\0001.png,
line_crops\IMG_20260316_224108\0002.png,
line_crops\IMG_20260316_224108\0003.png,
line_crops\IMG_20260316_224108\0004.png,
line_crops\IMG_20260316_224108\0005.png,
line_crops\IMG_20260316_224108\0006.png,
line_crops\IMG_20260316_224108\0007.png,
line_crops\IMG_20260316_224108\0008.png,
line_crops\IMG_20260316_224108\0009.png,
line_crops\IMG_20260316_224108\0010.png,
line_crops\IMG_20260316_224108\0011.png,
line_crops\IMG_20260316_224108\0012.png,
line_crops\IMG_20260316_224108\0013.png,
line_crops\IMG_20260316_224108\0014.png,
line_crops\IMG_20260316_224108\0015.png,
line_crops\IMG_20260316_224108\0016.png,
line_crops\IMG_20260316_224108\0017.png,
line_crops\IMG_20260316_224200\0000.png,
line_crops\IMG_20260316_224200\0001.png,
line_crops\IMG_20260316_224200\0002.png,
line_crops\IMG_20260316_224200\0003.png,
line_crops\IMG_20260316_224200\0004.png,
line_crops\IMG_20260316_224200\0005.png,
line_crops\IMG_20260316_224200\0006.png,
line_crops\IMG_20260316_224200\0007.png,
line_crops\IMG_20260316_224200\0008.png,
line_crops\IMG_20260316_224200\0009.png,
line_crops\IMG_20260316_224200\0010.png,
line_crops\IMG_20260316_224200\0011.png,
line_crops\IMG_20260316_224200\0012.png,
line_crops\IMG_20260316_224200\0013.png,
line_crops\IMG_20260316_224200\0014.png,
line_crops\IMG_20260316_224200\0015.png,
line_crops\IMG_20260316_224200\0016.png,
line_crops\IMG_20260316_224200\0017.png,
line_crops\IMG_20260316_224200\0018.png,
line_crops\IMG_20260316_224200\0019.png,
line_crops\IMG_20260316_224200\0020.png,
line_crops\IMG_20260316_224230\0000.png,
line_crops\IMG_20260316_224230\0001.png,
line_crops\IMG_20260316_224230\0002.png,
line_crops\IMG_20260316_224230\0003.png,
line_crops\IMG_20260316_224230\0004.png,
line_crops\IMG_20260316_224230\0005.png,
line_crops\IMG_20260316_224230\0006.png,
line_crops\IMG_20260316_224230\0007.png,
line_crops\IMG_20260316_224230\0008.png,
line_crops\IMG_20260316_224230\0009.png,
line_crops\IMG_20260316_224230\0010.png,
line_crops\IMG_20260316_224230\0011.png,
line_crops\IMG_20260316_224230\0012.png,
line_crops\IMG_20260316_224230\0013.png,
line_crops\IMG_20260316_224230\0014.png,
line_crops\IMG_20260316_224230\0015.png,
line_crops\IMG_20260316_224230\0016.png,
line_crops\IMG_20260316_224230\0017.png,
line_crops\IMG_20260316_224230\0018.png,
line_crops\IMG_20260316_224230\0019.png,
line_crops\IMG_20260316_224230\0020.png,
line_crops\IMG_20260316_224230\0021.png,
line_crops\IMG_20260316_224230\0022.png,
line_crops\IMG_20260316_224230\0023.png,
line_crops\IMG_20260316_224230\0024.png,
line_crops\IMG_20260316_224230\0025.png,
line_crops\IMG_20260316_224304\0000.png,
line_crops\IMG_20260316_224304\0001.png,
line_crops\IMG_20260316_224304\0002.png,
line_crops\IMG_20260316_224304\0003.png,
line_crops\IMG_20260316_224304\0004.png,
line_crops\IMG_20260316_224304\0005.png,
line_crops\IMG_20260316_224304\0006.png,
line_crops\IMG_20260316_224304\0007.png,
line_crops\IMG_20260316_224304\0008.png,
line_crops\IMG_20260316_224304\0009.png,
line_crops\IMG_20260316_224304\0010.png,
line_crops\IMG_20260316_224304\0011.png,
line_crops\IMG_20260316_224304\0012.png,
line_crops\IMG_20260316_224304\0013.png,
line_crops\IMG_20260316_224304\0014.png,
line_crops\IMG_20260316_224304\0015.png,
line_crops\IMG_20260316_224304\0016.png,
line_crops\IMG_20260316_224304\0017.png,
line_crops\IMG_20260316_224304\0018.png,
line_crops\IMG_20260316_224304\0019.png,
line_crops\IMG_20260316_224304\0020.png,
line_crops\IMG_20260316_224438\0000.png,
line_crops\IMG_20260316_224513\0000.png,
line_crops\IMG_20260316_224513\0001.png,
line_crops\IMG_20260316_224513\0002.png,
line_crops\IMG_20260316_224513\0003.png,
line_crops\IMG_20260316_224513\0004.png,
line_crops\IMG_20260316_224513\0005.png,
line_crops\IMG_20260316_224513\0006.png,
line_crops\IMG_20260316_224513\0007.png,
line_crops\IMG_20260316_224513\0008.png,
line_crops\IMG_20260316_224513\0009.png,
line_crops\IMG_20260316_224513\0010.png,
line_crops\IMG_20260316_224513\0011.png,
line_crops\IMG_20260316_224513\0012.png,
line_crops\IMG_20260316_224513\0013.png,
line_crops\IMG_20260316_224513\0014.png,
line_crops\IMG_20260316_224513\0015.png,
line_crops\IMG_20260316_224513\0016.png,
line_crops\IMG_20260316_224513\0017.png,
line_crops\IMG_20260316_224513\0018.png,
line_crops\IMG_20260316_224513\0019.png,
line_crops\IMG_20260316_224513\0020.png,
line_crops\IMG_20260316_224552\0000.png,
line_crops\IMG_20260316_224552\0001.png,
line_crops\IMG_20260316_224552\0002.png,
line_crops\IMG_20260316_224715\0000.png,
line_crops\IMG_20260316_224715\0001.png,
line_crops\IMG_20260316_224715\0002.png,
line_crops\IMG_20260316_224715\0003.png,
line_crops\IMG_20260316_224715\0004.png,
line_crops\IMG_20260316_224715\0005.png,
line_crops\IMG_20260316_224715\0006.png,
line_crops\IMG_20260316_224715\0007.png,
line_crops\IMG_20260316_224715\0008.png,
line_crops\IMG_20260316_224715\0009.png,
line_crops\IMG_20260316_224715\0010.png,
line_crops\IMG_20260316_224715\0011.png,
line_crops\IMG_20260316_224715\0012.png,
line_crops\IMG_20260316_224715\0013.png,
line_crops\IMG_20260316_224715\0014.png,
line_crops\IMG_20260316_224715\0015.png,
line_crops\IMG_20260316_224812\0000.png,
line_crops\IMG_20260316_224847\0000.png,
line_crops\IMG_20260316_224847\0001.png,
line_crops\IMG_20260316_224847\0002.png,
line_crops\IMG_20260316_224847\0003.png,
line_crops\IMG_20260316_224847\0004.png,
line_crops\IMG_20260316_224847\0005.png,
line_crops\IMG_20260316_224847\0006.png,
line_crops\IMG_20260316_224847\0007.png,
line_crops\IMG_20260316_224847\0008.png,
line_crops\IMG_20260316_224847\0009.png,
line_crops\IMG_20260316_224847\0010.png,
line_crops\IMG_20260316_224847\0011.png,
line_crops\IMG_20260316_224847\0012.png,
line_crops\IMG_20260316_224847\0013.png,
line_crops\IMG_20260316_224847\0014.png,
line_crops\IMG_20260316_224847\0015.png,
line_crops\IMG_20260316_224847\0016.png,
line_crops\IMG_20260316_225007\0000.png,
line_crops\IMG_20260316_225007\0001.png,
line_crops\IMG_20260316_225007\0002.png,
line_crops\IMG_20260316_225007\0003.png,
line_crops\IMG_20260316_225007\0004.png,
line_crops\IMG_20260316_225007\0005.png,
line_crops\IMG_20260316_225007\0006.png,
line_crops\IMG_20260316_225007\0007.png,
line_crops\IMG_20260316_225007\0008.png,
line_crops\IMG_20260316_225007\0009.png,
line_crops\IMG_20260316_225007\0010.png,
line_crops\IMG_20260316_225007\0011.png,
line_crops\IMG_20260316_225007\0012.png,
line_crops\IMG_20260316_225007\0013.png,
line_crops\IMG_20260316_225007\0014.png,
line_crops\IMG_20260316_225007\0015.png,
line_crops\IMG_20260316_225007\0016.png,
line_crops\IMG_20260316_225007\0017.png,
line_crops\IMG_20260316_225007\0018.png,
line_crops\IMG_20260316_225007\0019.png,
line_crops\IMG_20260316_225201\0000.png,
line_crops\IMG_20260316_225201\0001.png,
line_crops\IMG_20260316_225201\0002.png,
line_crops\IMG_20260316_225201\0003.png,
line_crops\IMG_20260316_225201\0004.png,
line_crops\IMG_20260316_225201\0005.png,
line_crops\IMG_20260316_225201\0006.png,
line_crops\IMG_20260316_225201\0007.png,
line_crops\IMG_20260316_225201\0008.png,
line_crops\IMG_20260316_225201\0009.png,
line_crops\IMG_20260316_225201\0010.png,
line_crops\IMG_20260316_225201\0011.png,
line_crops\IMG_20260316_225201\0012.png,
line_crops\IMG_20260316_225201\0013.png,
line_crops\IMG_20260316_225201\0014.png,
line_crops\IMG_20260316_225201\0015.png,
line_crops\IMG_20260316_225201\0016.png,
line_crops\IMG_20260316_225201\0017.png,
line_crops\IMG_20260316_225201\0018.png,
line_crops\IMG_20260316_225201\0019.png,
line_crops\IMG_20260316_225514\0000.png,
line_crops\IMG_20260316_225514\0001.png,
line_crops\IMG_20260316_225514\0002.png,
line_crops\IMG_20260316_225514\0003.png,
line_crops\IMG_20260316_225514\0004.png,
line_crops\IMG_20260316_225514\0005.png,
line_crops\IMG_20260316_225514\0006.png,
line_crops\IMG_20260316_225514\0007.png,
line_crops\IMG_20260316_225514\0008.png,
line_crops\IMG_20260316_225514\0009.png,
line_crops\IMG_20260316_225557\0000.png,
line_crops\IMG_20260316_225557\0001.png,
line_crops\IMG_20260316_225557\0002.png,
line_crops\IMG_20260316_225557\0003.png,
line_crops\IMG_20260316_225557\0004.png,
line_crops\IMG_20260316_225557\0005.png,
line_crops\IMG_20260316_225557\0006.png,
line_crops\IMG_20260316_225557\0007.png,
line_crops\IMG_20260316_225557\0008.png,
line_crops\IMG_20260316_225557\0009.png,
line_crops\IMG_20260316_225557\0010.png,
line_crops\IMG_20260316_225557\0011.png,
line_crops\IMG_20260316_225557\0012.png,
line_crops\IMG_20260316_225557\0013.png,
line_crops\IMG_20260316_225557\0014.png,
line_crops\IMG_20260316_225557\0015.png,
line_crops\IMG_20260316_225557\0016.png,
line_crops\IMG_20260316_225557\0017.png,
line_crops\IMG_20260316_225557\0018.png,
line_crops\IMG_20260316_225557\0019.png,
line_crops\IMG_20260316_225648\0000.png,
line_crops\IMG_20260316_225648\0001.png,
line_crops\IMG_20260316_225648\0002.png,
line_crops\IMG_20260316_225648\0003.png,
line_crops\IMG_20260316_225648\0004.png,
line_crops\IMG_20260316_225648\0005.png,
line_crops\IMG_20260316_225648\0006.png,
line_crops\IMG_20260316_225648\0007.png,
line_crops\IMG_20260316_225648\0008.png,
line_crops\IMG_20260316_225648\0009.png,
line_crops\IMG_20260316_225648\0010.png,
line_crops\IMG_20260316_225648\0011.png,
line_crops\IMG_20260316_225648\0012.png,
line_crops\IMG_20260316_225648\0013.png,
line_crops\IMG_20260316_225648\0014.png,
line_crops\IMG_20260316_225648\0015.png,
line_crops\IMG_20260316_225648\0016.png,
line_crops\IMG_20260316_225648\0017.png,
line_crops\IMG_20260316_225648\0018.png,
line_crops\IMG_20260316_225648\0019.png,
line_crops\IMG_20260316_225648\0020.png,
line_crops\IMG_20260316_225648\0021.png,
line_crops\IMG_20260316_225648\0022.png,
line_crops\IMG_20260316_225648\0023.png,
line_crops\IMG_20260316_225648\0024.png,
line_crops\IMG_20260316_225648\0025.png,
line_crops\IMG_20260316_225744\0000.png,
line_crops\IMG_20260316_225744\0001.png,
line_crops\IMG_20260316_225744\0002.png,
line_crops\IMG_20260316_225744\0003.png,
line_crops\IMG_20260316_225744\0004.png,
line_crops\IMG_20260316_225744\0005.png,
line_crops\IMG_20260316_225744\0006.png,
line_crops\IMG_20260316_225744\0007.png,
line_crops\IMG_20260316_225744\0008.png,
line_crops\IMG_20260316_225744\0009.png,
line_crops\IMG_20260316_225744\0010.png,
line_crops\IMG_20260316_225744\0011.png,
line_crops\IMG_20260316_225744\0012.png,
line_crops\IMG_20260316_225744\0013.png,
line_crops\IMG_20260316_225823\0000.png,
line_crops\IMG_20260316_225823\0001.png,
line_crops\IMG_20260316_225823\0002.png,
line_crops\IMG_20260316_225823\0003.png,
line_crops\IMG_20260316_225823\0004.png,
line_crops\IMG_20260316_225823\0005.png,
line_crops\IMG_20260316_225823\0006.png,
line_crops\IMG_20260316_225823\0007.png,
line_crops\IMG_20260316_225823\0008.png,
line_crops\IMG_20260316_225823\0009.png,
line_crops\IMG_20260316_225823\0010.png,
line_crops\IMG_20260316_225823\0011.png,
line_crops\IMG_20260316_225823\0012.png,
line_crops\IMG_20260316_225823\0013.png,
line_crops\IMG_20260316_225823\0014.png,
line_crops\IMG_20260316_225823\0015.png,
line_crops\IMG_20260316_225823\0016.png,
line_crops\IMG_20260316_225823\0017.png,
line_crops\IMG_20260316_225823\0018.png,
line_crops\IMG_20260316_225823\0019.png,
line_crops\IMG_20260316_225911\0000.png,
line_crops\IMG_20260316_225911\0001.png,
line_crops\IMG_20260316_225911\0002.png,
line_crops\IMG_20260316_225911\0003.png,
line_crops\IMG_20260316_225934\0000.png,
line_crops\IMG_20260316_225934\0001.png,
line_crops\IMG_20260316_225934\0002.png,
line_crops\IMG_20260316_225934\0003.png,
line_crops\IMG_20260316_225934\0004.png,
line_crops\IMG_20260316_225934\0005.png,
line_crops\IMG_20260316_225934\0006.png,
line_crops\IMG_20260316_225934\0007.png,
line_crops\IMG_20260316_225934\0008.png,
line_crops\IMG_20260316_225934\0009.png,
line_crops\IMG_20260316_225934\0010.png,
line_crops\IMG_20260316_225934\0011.png,
line_crops\IMG_20260316_225934\0012.png,
line_crops\IMG_20260316_225934\0013.png,
line_crops\IMG_20260316_225934\0014.png,
line_crops\IMG_20260316_225934\0015.png,
line_crops\IMG_20260316_225934\0016.png,
line_crops\IMG_20260316_225934\0017.png,
line_crops\IMG_20260316_230021\0000.png,
line_crops\IMG_20260316_230021\0001.png,
line_crops\IMG_20260316_230021\0002.png,
line_crops\IMG_20260316_230021\0003.png,
line_crops\IMG_20260316_230021\0004.png,
line_crops\IMG_20260316_230021\0005.png,
line_crops\IMG_20260316_230021\0006.png,
line_crops\IMG_20260316_230021\0007.png,
line_crops\IMG_20260316_230021\0008.png,
line_crops\IMG_20260316_230021\0009.png,
line_crops\IMG_20260316_230021\0010.png,
line_crops\IMG_20260316_230021\0011.png,
line_crops\IMG_20260316_230021\0012.png,
line_crops\IMG_20260316_230021\0013.png,
line_crops\IMG_20260316_230447\0000.png,
line_crops\IMG_20260316_230447\0001.png,
line_crops\IMG_20260316_230447\0002.png,
line_crops\IMG_20260316_230447\0003.png,
line_crops\IMG_20260316_230447\0004.png,
line_crops\IMG_20260316_230447\0005.png,
line_crops\IMG_20260316_230447\0006.png,
line_crops\IMG_20260316_230447\0007.png,
line_crops\IMG_20260316_230447\0008.png,
line_crops\IMG_20260316_230447\0009.png,
line_crops\IMG_20260316_230447\0010.png,
line_crops\IMG_20260316_230447\0011.png,
line_crops\IMG_20260316_230447\0012.png,
line_crops\IMG_20260316_230447\0013.png,
line_crops\IMG_20260316_230447\0014.png,
line_crops\IMG_20260316_230447\0015.png,
line_crops\IMG_20260316_230447\0016.png,
line_crops\IMG_20260316_230447\0017.png,
line_crops\IMG_20260316_230524\0000.png,
line_crops\IMG_20260316_230555\0000.png,
line_crops\IMG_20260316_230633\0000.png,
line_crops\IMG_20260316_230633\0001.png,
line_crops\IMG_20260316_230633\0002.png,
line_crops\IMG_20260316_230633\0003.png,
line_crops\IMG_20260316_230633\0004.png,
line_crops\IMG_20260316_230701\0000.png,
line_crops\IMG_20260316_230723\0000.png,
line_crops\IMG_20260316_230723\0001.png,
line_crops\IMG_20260316_230723\0002.png,
line_crops\IMG_20260316_230723\0003.png,
line_crops\IMG_20260316_230723\0004.png,
line_crops\IMG_20260316_230723\0005.png,
line_crops\IMG_20260316_230723\0006.png,
line_crops\IMG_20260316_230723\0007.png,
line_crops\IMG_20260316_230723\0008.png,
line_crops\IMG_20260316_230723\0009.png,
line_crops\IMG_20260316_230723\0010.png,
line_crops\IMG_20260316_230723\0011.png,
line_crops\IMG_20260316_230745\0000.png,
line_crops\IMG_20260316_230745\0001.png,
line_crops\IMG_20260316_230745\0002.png,
line_crops\IMG_20260316_230745\0003.png,
line_crops\IMG_20260316_230745\0004.png,
line_crops\IMG_20260316_230745\0005.png,
line_crops\IMG_20260316_230745\0006.png,
line_crops\IMG_20260316_230745\0007.png,
line_crops\IMG_20260316_230745\0008.png,
line_crops\IMG_20260316_230745\0009.png,
line_crops\IMG_20260316_230745\0010.png,
line_crops\IMG_20260316_230745\0011.png,
line_crops\IMG_20260316_230745\0012.png,
line_crops\IMG_20260316_230745\0013.png,
line_crops\IMG_20260316_230745\0014.png,
line_crops\IMG_20260316_230745\0015.png,
line_crops\IMG_20260316_230745\0016.png,
line_crops\IMG_20260316_230745\0017.png,
line_crops\IMG_20260316_230745\0018.png,
line_crops\IMG_20260316_230745\0019.png,
line_crops\IMG_20260316_230745\0020.png,
line_crops\IMG_20260316_230745\0021.png,
line_crops\IMG_20260316_230745\0022.png,
line_crops\IMG_20260316_230745\0023.png,
line_crops\IMG_20260316_230745\0024.png,
line_crops\IMG_20260316_230745\0025.png,
line_crops\IMG_20260316_230745\0026.png,
line_crops\IMG_20260316_230745\0027.png,
line_crops\IMG_20260316_230745\0028.png,
line_crops\IMG_20260316_230827\0000.png,
line_crops\IMG_20260316_230901\0000.png,
line_crops\IMG_20260316_230901\0001.png,
line_crops\IMG_20260316_230901\0002.png,
line_crops\IMG_20260316_230901\0003.png,
line_crops\IMG_20260316_230924\0000.png,
line_crops\IMG_20260316_230924\0001.png,
line_crops\IMG_20260316_230924\0002.png,
line_crops\IMG_20260316_230924\0003.png,
line_crops\IMG_20260316_230924\0004.png,
line_crops\IMG_20260316_230945\0000.png,
line_crops\IMG_20260316_230945\0001.png,
line_crops\IMG_20260316_230945\0002.png,
line_crops\IMG_20260316_231008\0000.png,
line_crops\IMG_20260316_231008\0001.png,
line_crops\IMG_20260316_231008\0002.png,
line_crops\IMG_20260316_231008\0003.png,
line_crops\IMG_20260316_231008\0004.png,
line_crops\IMG_20260316_231008\0005.png,
line_crops\IMG_20260316_231008\0006.png,
line_crops\IMG_20260316_231008\0007.png,
line_crops\IMG_20260316_231008\0008.png,
line_crops\IMG_20260316_231008\0009.png,
line_crops\IMG_20260316_231008\0010.png,
line_crops\IMG_20260316_231008\0011.png,
line_crops\IMG_20260316_231008\0012.png,
line_crops\IMG_20260316_231008\0013.png,
line_crops\IMG_20260316_231008\0014.png,
line_crops\IMG_20260316_231008\0015.png,
line_crops\IMG_20260316_231008\0016.png,
line_crops\IMG_20260316_231008\0017.png,
line_crops\IMG_20260316_231008\0018.png,
line_crops\IMG_20260316_231008\0019.png,
line_crops\IMG_20260316_231008\0020.png,
line_crops\IMG_20260316_231008\0021.png,
line_crops\IMG_20260316_231008\0022.png,
line_crops\IMG_20260316_231008\0023.png,
line_crops\IMG_20260316_231008\0024.png,
line_crops\IMG_20260316_231033\0000.png,
line_crops\IMG_20260316_231033\0001.png,
line_crops\IMG_20260316_231033\0002.png,
line_crops\IMG_20260316_231033\0003.png,
line_crops\IMG_20260316_231033\0004.png,
line_crops\IMG_20260316_231033\0005.png,
line_crops\IMG_20260316_231033\0006.png,
line_crops\IMG_20260316_231033\0007.png,
line_crops\IMG_20260316_231033\0008.png,
line_crops\IMG_20260316_231033\0009.png,
line_crops\IMG_20260316_231033\0010.png,
line_crops\IMG_20260316_231033\0011.png,
line_crops\IMG_20260316_231033\0012.png,
line_crops\IMG_20260316_231033\0013.png,
line_crops\IMG_20260316_231033\0014.png,
line_crops\IMG_20260316_231033\0015.png,
line_crops\IMG_20260316_231033\0016.png,
line_crops\IMG_20260316_231033\0017.png,
line_crops\IMG_20260316_231033\0018.png,
line_crops\IMG_20260316_231033\0019.png,
line_crops\IMG_20260316_231033\0020.png,
line_crops\IMG_20260316_231033\0021.png,
line_crops\IMG_20260316_231033\0022.png,
line_crops\IMG_20260316_231033\0023.png,
line_crops\IMG_20260316_231055\0000.png,
line_crops\IMG_20260316_231055\0001.png,
line_crops\IMG_20260316_231055\0002.png,
line_crops\IMG_20260316_231055\0003.png,
line_crops\IMG_20260316_231055\0004.png,
line_crops\IMG_20260316_231055\0005.png,
line_crops\IMG_20260316_231055\0006.png,
line_crops\IMG_20260316_231055\0007.png,
line_crops\IMG_20260316_231055\0008.png,
line_crops\IMG_20260316_231055\0009.png,
line_crops\IMG_20260316_231055\0010.png,
line_crops\IMG_20260316_231055\0011.png,
line_crops\IMG_20260316_231055\0012.png,
line_crops\IMG_20260316_231055\0013.png,
line_crops\IMG_20260316_231055\0014.png,
line_crops\IMG_20260316_231055\0015.png,
line_crops\IMG_20260316_231055\0016.png,
line_crops\IMG_20260316_231055\0017.png,
line_crops\IMG_20260316_231055\0018.png,
line_crops\IMG_20260316_231055\0019.png,
line_crops\IMG_20260316_231055\0020.png,
line_crops\IMG_20260316_231055\0021.png,
line_crops\IMG_20260316_231055\0022.png,
line_crops\IMG_20260316_231135\0000.png,
line_crops\IMG_20260316_231135\0001.png,
line_crops\IMG_20260316_231135\0002.png,
line_crops\IMG_20260316_231135\0003.png,
line_crops\IMG_20260316_231135\0004.png,
line_crops\IMG_20260316_231135\0005.png,
line_crops\IMG_20260316_231135\0006.png,
line_crops\IMG_20260316_231135\0007.png,
line_crops\IMG_20260316_231135\0008.png,
line_crops\IMG_20260316_231135\0009.png,
line_crops\IMG_20260316_231135\0010.png,
line_crops\IMG_20260316_231135\0011.png,
line_crops\IMG_20260316_231135\0012.png,
line_crops\IMG_20260316_231135\0013.png,
line_crops\IMG_20260316_231135\0014.png,
line_crops\IMG_20260316_231135\0015.png,
line_crops\IMG_20260316_231135\0016.png,
line_crops\IMG_20260316_231135\0017.png,
line_crops\IMG_20260316_231135\0018.png,
line_crops\IMG_20260316_231135\0019.png,
line_crops\IMG_20260316_231135\0020.png,
line_crops\IMG_20260316_231135\0021.png,
line_crops\IMG_20260316_231135\0022.png,
line_crops\IMG_20260316_231135\0023.png,
line_crops\IMG_20260316_231135\0024.png,
line_crops\IMG_20260316_231135\0025.png,
line_crops\IMG_20260316_231135\0026.png,
line_crops\IMG_20260316_231135\0027.png,
line_crops\IMG_20260316_231200\0000.png,
line_crops\IMG_20260316_231200\0001.png,
line_crops\IMG_20260316_231200\0002.png,
line_crops\IMG_20260316_231200\0003.png,
line_crops\IMG_20260316_231200\0004.png,
line_crops\IMG_20260316_231200\0005.png,
line_crops\IMG_20260316_231200\0006.png,
line_crops\IMG_20260316_231200\0007.png,
line_crops\IMG_20260316_231200\0008.png,
line_crops\IMG_20260316_231200\0009.png,
line_crops\IMG_20260316_231200\0010.png,
line_crops\IMG_20260316_231200\0011.png,
line_crops\IMG_20260316_231200\0012.png,
line_crops\IMG_20260316_231200\0013.png,
line_crops\IMG_20260316_231200\0014.png,
line_crops\IMG_20260316_231200\0015.png,
line_crops\IMG_20260316_231200\0016.png,
line_crops\IMG_20260316_231248\0000.png,
line_crops\IMG_20260316_231248\0001.png,
line_crops\IMG_20260316_231318\0000.png,
line_crops\IMG_20260316_231318\0001.png,
line_crops\IMG_20260316_231318\0002.png,
line_crops\IMG_20260316_231318\0003.png,
line_crops\IMG_20260316_231318\0004.png,
line_crops\IMG_20260316_231318\0005.png,
line_crops\IMG_20260316_231318\0006.png,
line_crops\IMG_20260316_231318\0007.png,
line_crops\IMG_20260316_231318\0008.png,
line_crops\IMG_20260316_231318\0009.png,
line_crops\IMG_20260316_231318\0010.png,
line_crops\IMG_20260316_231318\0011.png,
line_crops\IMG_20260316_231318\0012.png,
line_crops\IMG_20260316_231318\0013.png,
line_crops\IMG_20260316_231318\0014.png,
line_crops\IMG_20260316_231318\0015.png,
line_crops\IMG_20260316_231318\0016.png,
line_crops\IMG_20260316_231318\0017.png,
line_crops\IMG_20260316_231318\0018.png,
line_crops\IMG_20260316_231318\0019.png,
line_crops\IMG_20260316_231342\0000.png,
line_crops\IMG_20260316_231342\0001.png,
line_crops\IMG_20260316_231342\0002.png,
line_crops\IMG_20260316_231342\0003.png,
line_crops\IMG_20260316_231342\0004.png,
line_crops\IMG_20260316_231342\0005.png,
line_crops\IMG_20260316_231342\0006.png,
line_crops\IMG_20260316_231342\0007.png,
line_crops\IMG_20260316_231342\0008.png,
line_crops\IMG_20260316_231342\0009.png,
line_crops\IMG_20260316_231342\0010.png,
line_crops\IMG_20260316_231342\0011.png,
line_crops\IMG_20260316_231342\0012.png,
line_crops\IMG_20260316_231406\0000.png,
line_crops\IMG_20260316_231406\0001.png,
line_crops\IMG_20260316_231406\0002.png,
line_crops\IMG_20260316_231406\0003.png,
line_crops\IMG_20260316_231406\0004.png,
line_crops\IMG_20260316_231406\0005.png,
line_crops\IMG_20260316_231406\0006.png,
line_crops\IMG_20260316_231406\0007.png,
line_crops\IMG_20260316_231406\0008.png,
line_crops\IMG_20260316_231406\0009.png,
line_crops\IMG_20260316_231406\0010.png,
line_crops\IMG_20260316_231406\0011.png,
line_crops\IMG_20260316_231406\0012.png,
line_crops\IMG_20260316_231406\0013.png,
line_crops\IMG_20260316_231406\0014.png,
line_crops\IMG_20260316_231406\0015.png,
line_crops\IMG_20260316_231406\0016.png,
line_crops\IMG_20260316_231433\0000.png,
line_crops\IMG_20260316_231433\0001.png,
line_crops\IMG_20260316_231433\0002.png,
line_crops\IMG_20260316_231433\0003.png,
line_crops\IMG_20260316_231433\0004.png,
line_crops\IMG_20260316_231433\0005.png,
line_crops\IMG_20260316_231433\0006.png,
line_crops\IMG_20260316_231433\0007.png,
line_crops\IMG_20260316_231433\0008.png,
line_crops\IMG_20260316_231433\0009.png,
line_crops\IMG_20260316_231433\0010.png,
line_crops\IMG_20260316_231433\0011.png,
line_crops\IMG_20260316_231433\0012.png,
line_crops\IMG_20260316_231433\0013.png,
line_crops\IMG_20260316_231433\0014.png,
line_crops\IMG_20260316_231433\0015.png,
line_crops\IMG_20260316_231433\0016.png,
line_crops\IMG_20260316_231433\0017.png,
line_crops\IMG_20260316_231433\0018.png,
line_crops\IMG_20260316_231433\0019.png,
line_crops\IMG_20260316_231433\0020.png,
line_crops\IMG_20260316_231433\0021.png,
line_crops\IMG_20260316_231433\0022.png,
line_crops\IMG_20260316_231503\0000.png,
line_crops\IMG_20260316_231527\0000.png,
line_crops\IMG_20260316_231527\0001.png,
line_crops\IMG_20260316_231527\0002.png,
line_crops\IMG_20260316_231527\0003.png,
line_crops\IMG_20260316_231527\0004.png,
line_crops\IMG_20260316_231527\0005.png,
line_crops\IMG_20260316_231527\0006.png,
line_crops\IMG_20260316_231527\0007.png,
line_crops\IMG_20260316_231527\0008.png,
line_crops\IMG_20260316_231527\0009.png,
line_crops\IMG_20260316_231527\0010.png,
line_crops\IMG_20260316_231527\0011.png,
line_crops\IMG_20260316_231557\0000.png,
line_crops\IMG_20260316_231557\0001.png,
line_crops\IMG_20260316_231610\0000.png,
line_crops\IMG_20260316_231610\0001.png,
line_crops\IMG_20260316_231610\0002.png,
line_crops\IMG_20260316_231610\0003.png,
